<?xml version="1.0" encoding="UTF-8"?>
<root>
  <item name="ng.com.piccmaq.flutter.flutter_mobile_vision_2.ui.CameraSource boolean setFlashMode(java.lang.String) 0">
    <annotation name="androidx.annotation.StringDef">
      <val name="value" val="{android.hardware.Camera.Parameters.FLASH_MODE_ON, android.hardware.Camera.Parameters.FLASH_MODE_OFF, android.hardware.Camera.Parameters.FLASH_MODE_AUTO, android.hardware.Camera.Parameters.FLASH_MODE_RED_EYE, android.hardware.Camera.Parameters.FLASH_MODE_TORCH}" />
    </annotation>
  </item>
  <item name="ng.com.piccmaq.flutter.flutter_mobile_vision_2.ui.CameraSource boolean setFocusMode(java.lang.String) 0">
    <annotation name="androidx.annotation.StringDef">
      <val name="value" val="{android.hardware.Camera.Parameters.FOCUS_MODE_CONTINUOUS_PICTURE, android.hardware.Camera.Parameters.FOCUS_MODE_CONTINUOUS_VIDEO, android.hardware.Camera.Parameters.FOCUS_MODE_AUTO, android.hardware.Camera.Parameters.FOCUS_MODE_EDOF, android.hardware.Camera.Parameters.FOCUS_MODE_FIXED, android.hardware.Camera.Parameters.FOCUS_MODE_INFINITY, android.hardware.Camera.Parameters.FOCUS_MODE_MACRO}" />
    </annotation>
  </item>
  <item name="ng.com.piccmaq.flutter.flutter_mobile_vision_2.ui.CameraSource java.lang.String getFlashMode()">
    <annotation name="androidx.annotation.StringDef">
      <val name="value" val="{android.hardware.Camera.Parameters.FLASH_MODE_ON, android.hardware.Camera.Parameters.FLASH_MODE_OFF, android.hardware.Camera.Parameters.FLASH_MODE_AUTO, android.hardware.Camera.Parameters.FLASH_MODE_RED_EYE, android.hardware.Camera.Parameters.FLASH_MODE_TORCH}" />
    </annotation>
  </item>
  <item name="ng.com.piccmaq.flutter.flutter_mobile_vision_2.ui.CameraSource java.lang.String getFocusMode()">
    <annotation name="androidx.annotation.StringDef">
      <val name="value" val="{android.hardware.Camera.Parameters.FOCUS_MODE_CONTINUOUS_PICTURE, android.hardware.Camera.Parameters.FOCUS_MODE_CONTINUOUS_VIDEO, android.hardware.Camera.Parameters.FOCUS_MODE_AUTO, android.hardware.Camera.Parameters.FOCUS_MODE_EDOF, android.hardware.Camera.Parameters.FOCUS_MODE_FIXED, android.hardware.Camera.Parameters.FOCUS_MODE_INFINITY, android.hardware.Camera.Parameters.FOCUS_MODE_MACRO}" />
    </annotation>
  </item>
  <item name="ng.com.piccmaq.flutter.flutter_mobile_vision_2.ui.CameraSource.Builder ng.com.piccmaq.flutter.flutter_mobile_vision_2.ui.CameraSource.Builder setFlashMode(java.lang.String) 0">
    <annotation name="androidx.annotation.StringDef">
      <val name="value" val="{android.hardware.Camera.Parameters.FLASH_MODE_ON, android.hardware.Camera.Parameters.FLASH_MODE_OFF, android.hardware.Camera.Parameters.FLASH_MODE_AUTO, android.hardware.Camera.Parameters.FLASH_MODE_RED_EYE, android.hardware.Camera.Parameters.FLASH_MODE_TORCH}" />
    </annotation>
  </item>
  <item name="ng.com.piccmaq.flutter.flutter_mobile_vision_2.ui.CameraSource.Builder ng.com.piccmaq.flutter.flutter_mobile_vision_2.ui.CameraSource.Builder setFocusMode(java.lang.String) 0">
    <annotation name="androidx.annotation.StringDef">
      <val name="value" val="{android.hardware.Camera.Parameters.FOCUS_MODE_CONTINUOUS_PICTURE, android.hardware.Camera.Parameters.FOCUS_MODE_CONTINUOUS_VIDEO, android.hardware.Camera.Parameters.FOCUS_MODE_AUTO, android.hardware.Camera.Parameters.FOCUS_MODE_EDOF, android.hardware.Camera.Parameters.FOCUS_MODE_FIXED, android.hardware.Camera.Parameters.FOCUS_MODE_INFINITY, android.hardware.Camera.Parameters.FOCUS_MODE_MACRO}" />
    </annotation>
  </item>
</root>

